What's your favorite part of this space?,
Thoughts?,
This.,
Love it!,
Follow @spaces_by_silvia for more great interior design content!,
Beautiful design :),
What caught your eye first?,
Follow @spaces_by_silvia for more great interior design content!,
Amazing light here,
Mood for the day.,
Follow @spaces_by_silvia for more great interior design content!,
Today's motivation,
Follow @spaces_by_silvia for more great interior design content!,
Follow @spaces_by_silvia for more great interior design content!,
Follow @spaces_by_silvia for more great interior design content!,
Follow @spaces_by_silvia for more great interior design content!,
Follow @spaces_by_silvia for more great interior design content!,
Follow @spaces_by_silvia for more great interior design content!,
Follow @spaces_by_silvia for more great interior design content!,
Follow @spaces_by_silvia for more great interior design content!,
Follow @spaces_by_silvia for more great interior design content!,
Follow @spaces_by_silvia for more great interior design content!,
Follow @spaces_by_silvia for more great interior design content!,
Follow @spaces_by_silvia for more great interior design content!,
Follow @spaces_by_silvia for more great interior design content!,
Follow @spaces_by_silvia for more great interior design content!,
Follow @spaces_by_silvia for more great interior design content!,
Follow @spaces_by_silvia for more great interior design content!,
Follow @spaces_by_silvia for more great interior design content!,
Follow @spaces_by_silvia for more great interior design content!,
Follow @spaces_by_silvia for more great interior design content!,
Follow @spaces_by_silvia for more great interior design content!,
Follow @spaces_by_silvia for more great interior design content!,
Follow @spaces_by_silvia for more great interior design content!,
Follow @spaces_by_silvia for more great interior design content!,
Great interior design pictures daily @spaces_by_silvia,
Great interior design pictures daily @spaces_by_silvia,
Great interior design pictures daily @spaces_by_silvia,
Great interior design pictures daily @spaces_by_silvia,
Great interior design pictures daily @spaces_by_silvia,
Great interior design pictures daily @spaces_by_silvia,
Great interior design pictures daily @spaces_by_silvia,
Great interior design pictures daily @spaces_by_silvia,
Great interior design pictures daily @spaces_by_silvia,
Great interior design pictures daily @spaces_by_silvia,
Great interior design pictures daily @spaces_by_silvia,
Great interior design pictures daily @spaces_by_silvia,
Great interior design pictures daily @spaces_by_silvia,
Great interior design pictures daily @spaces_by_silvia,
Great interior design pictures daily @spaces_by_silvia,
Great interior design pictures daily @spaces_by_silvia,
Great interior design pictures daily @spaces_by_silvia,
Truly inspiring,
This.,
Beautiful!,
What are your thoughts on this space?,
Great energy here,
Thoughts on this space?,
Any thougths,
Please share your thoughts!,
How does this space make you feel?,
Amazing space,
What's your favorite part of this space?,
Do you think this is great as well?,
I would love to get your thoughts on this one.,
Thoughts?,
Another day!,
How is everyone doing today? I finally had a chance to relax :),
Any fellow Canadians here? ğŸ‡¨ğŸ‡¦,
What's your favorite part of this space?,
Loving the vibes,
Wow!,
ğŸŒğŸŒğŸŒ,
ğŸŒğŸŒğŸŒ,
ğŸ˜ğŸ˜,
ğŸ‘©â€ğŸ¨ğŸ¨,
New dream house,
Today's motivation,
Great colors!,
Change the world by being yourself -Amy Poehler,
Everything you can imagine is real -Pablo Picasso,
What we think, we become -Buddha,
Please share your thoughts!,
How does this space make you feel?,
All limitations are self-imposed -Oliver Wendell Holmes,
Strive for greatness -Lebron James,
What do you think?,
Who inspires you?,
What do you think?,
Today's motivation,
ğŸ‡¨ğŸ‡¦ğŸ‡¨ğŸ‡¦ğŸ‡¨ğŸ‡¦,
ğŸ¥°ğŸ¥°,
ğŸ’›ğŸ’›ğŸ’›,
What's your favorite part of this space?,
What inspires you?,
Hope your day is going well!,
ğŸğŸğŸğŸ,
What is your inspirations for today?,
How is everyone doing today? It has been a busy, but productive one for me!